GKZ,Name,FPOe 2009,FPOe 2015,FPOe 2015 Votes,Foreigners
40435,St. Georgen am Fillmannsbach [Sankt Georgen am Fillmannsbach],43.3691756272,56.6308243728,158,4.0
40424,Moosbach,30.6818181818,50.6578947368,308,7.0
41420,St. Roman [Sankt Roman],15.7248157248,49.7692307692,647,6.0
40916,St. Pankraz [Sankt Pankraz],25.702811245,47.0833333333,113,6.0
41220,Ort im Innkreis,28.90625,46.8434343434,371,10.0
41822,Steinhaus,39.2857142857,46.5578424414,656,6.0
40433,Polling im Innkreis,18.096723869,45.9885386819,321,8.0
40432,Pischelsdorf am Engelbach,23.4131113424,45.5522971652,466,9.0
40410,Gilgenberg am Weilhart,20.7397622193,44.8856799037,373,11.0
40403,Auerbach,24.2074927954,44.8275862069,156,10.0
41419,St. Marienkirchen bei Schärding [Sankt Marienkirchen bei Schärding],24.3336199484,44.6475195822,513,8.0
41414,Raab,25.7367387033,44.5981554677,677,7.0
40407,Feldkirchen bei Mattighofen,25.8361204013,43.8946528332,550,5.0
41207,Geinberg,22.4099099099,43.7430786268,395,9.0
41203,Aurolzmünster,24.8436611711,43.2590855803,738,10.0
40442,Schwand im Innkreis,16.5427509294,43.1818181818,247,6.0
41421,St. Willibald [Sankt Willibald],21.3054187192,43.1396786156,349,4.0
41409,Esternberg,20.2477113624,43.0873180873,829,15.0
41412,Mayrhof,19.9004975124,43.0769230769,84,3.0
41215,Mettmach,22.5241545894,43.061605476,692,3.0
41219,Obernberg am Inn,19.955654102,42.893081761,341,20.0
41406,Eggerding,18.2680901542,42.4971363116,371,4.0
40813,Kematen am Innbach,24.23500612,42.3076923077,374,7.0
40427,Neukirchen an der Enknach,23.5249621785,42.1908127208,597,7.0
40429,Palting,14.0926640927,42.1903052065,235,5.0
40444,Treubach,24.8520710059,42.1841541756,197,7.0
40401,Altheim,19.953749587,42.1352074967,1259,13.0
41224,Reichersberg,20.7974137931,42.1108742004,395,15.0
41408,Enzenkirchen,21.9797349961,42.0604182804,543,4.0
40823,Rottenbach,25.0338294993,41.6438356164,304,6.0
40446,Weng im Innkreis,22.6595744681,41.5271966527,397,6.0
41427,Vichtenstein,20.1438848921,41.2658227848,163,21.0
41424,Sigharting,18.5567010309,40.7986111111,235,6.0
41315,Klaffer am Hochficht,12.0559741658,40.5690200211,385,8.0
40413,Helpfau-Uttendorf,21.5289488477,40.5196241017,733,17.0
41402,Andorf,17.1072622303,40.3779069767,1389,8.0
41202,Antiesenhofen,12.5690607735,40.3458213256,280,14.0
41741,Straß im Attergau,22.247446084,40.2985074627,351,10.0
41205,Eitzing,19.1860465116,40.2697495183,209,5.0
41214,Mehrnbach,24.9672346003,40.1315789474,610,7.0
40415,Höhnhart,20.8017334778,39.8930481283,373,4.0
40829,Taufkirchen an der Trattnach,23.1209735147,39.8328690808,572,4.0
40406,Eggelsberg,17.1974522293,39.7988505747,554,11.0
41820,Stadl-Paura,22.1565731167,39.7129186603,1079,19.0
41403,Brunnenthal,20.9767814251,39.6341463415,520,14.0
41228,St. Martin im Innkreis [Sankt Martin im Innkreis],23.7403100775,39.4812680115,411,18.0
41411,Kopfing im Innkreis,18.8896899784,39.4481730052,529,6.0
41413,Münzkirchen,17.3475097929,39.3152954169,712,8.0
41211,Kirchheim im Innkreis,18.5770750988,39.1050583658,201,3.0
41223,Pramet,23.309352518,39,273,5.0
40434,Roßbach,21.0374639769,38.9984825493,257,4.0
40441,Schalchen,18.2205395173,38.9948813402,838,13.0
41426,Taufkirchen an der Pram,19.175911252,38.9003083248,757,8.0
41400,Schärding,18.8124142015,38.7564683487,14455,12.0
41227,St. Marienkirchen am Hausruck [Sankt Marienkirchen am Hausruck],21.9378427788,38.7152777778,223,3.0
40805,Gallspach,22.3831468071,38.7011265739,584,23.0
41729,Redleiten,17.0212765957,38.670694864,128,3.0
40405,Burgkirchen,19.9369085174,38.5841836735,605,9.0
41212,Lambrechten,21.6721672167,38.5201305767,354,3.0
40834,Wendling,23.0337078652,38.5171790235,213,3.0
41415,Rainbach im Innkreis,17.962962963,38.4905660377,408,6.0
41213,Lohnsburg am Kobernaußerwald,20.5479452055,38.3940620783,569,4.0
41817,Sattledt,20.9035738368,38.2503192848,599,14.0
41418,St. Florian am Inn [Sankt Florian am Inn],21.0235825389,38.0274779195,775,13.0
40408,Franking,21.8146718147,38.0149812734,203,14.0
41416,Riedau,18.1327160494,37.9909365559,503,10.0
41404,Diersbach,17.1506352087,37.9816513761,414,7.0
41417,St. Aegidi [Sankt Aegidi],20.7792207792,37.8027681661,437,5.0
41805,Eberstalzell,22.275862069,37.7932783767,596,6.0
41705,Aurach am Hongar,18.511627907,37.6936316695,438,4.0
41814,Offenhausen,20.7084468665,37.6770538244,399,8.0
40806,Gaspoltshofen,23.9130434783,37.5310687655,906,7.0
40826,St. Thomas [Sankt Thomas],21.6981132075,37.4345549738,143,3.0
41201,Andrichsfurt,22.6293103448,37.3949579832,178,2.0
41217,Mühlheim am Inn,20.0440528634,37.389380531,169,9.0
40914,Rosenau am Hengstpaß,12.015503876,37.339055794,174,10.0
40818,Neumarkt im Hausruckkreis,21.3407821229,37.3167981962,331,14.0
40422,Mauerkirchen,24.2769500438,37.2712146423,448,22.0
40416,Jeging,19.756097561,37.2365339578,159,10.0
40400,Braunau am Inn,18.3489174103,37.2213202046,21320,15.0
41204,Eberschwang,18.7472430525,37.1783496007,838,7.0
41002,Ansfelden,21.4182518661,37.1602333375,2994,26.0
40440,St. Veit im Innkreis [Sankt Veit im Innkreis],19.4174757282,37.1527777778,107,5.0
40508,Prambachkirchen,18.167539267,37.1413667188,712,6.0
41235,Weilbach,19.3023255814,37.1287128713,150,6.0
40445,Überackern,14.2857142857,37.0786516854,132,39.0
41713,Lenzing,19.5048511208,36.8741542625,1090,16.0
40419,Lochen am See,16.7892976589,36.8547418968,614,5.0
40404,Braunau am Inn,19.6502186134,36.8078175896,2938,24.0
41107,Klam,22.6973684211,36.790923825,227,4.0
40412,Handenberg,21.43727162,36.7321867322,299,7.0
41812,Marchtrenk,17.8340284769,36.6901505733,2656,19.0
40816,Natternbach,15.7216494845,36.6044551475,608,3.0
41019,Pucking,17.6470588235,36.6040628593,955,9.0
40912,Pettenbach,19.4314381271,36.4451313756,1179,8.0
41200,Ried im Innkreis,19.7047634357,36.3911562787,13464,10.0
40801,Aistersheim,22.5454545455,36.3799283154,203,8.0
41717,Niederthalheim,22.8848821082,36.3636363636,268,5.0
41734,St. Georgen im Attergau [Sankt Georgen im Attergau],19.4256756757,36.2959900785,878,19.0
40402,Aspach,15.8291457286,36.2732919255,584,6.0
41806,Edt bei Lambach,19.1672648959,36.2606232295,512,9.0
41801,Aichkirchen,20.3703703704,36.0824742268,140,4.0
41422,Schärding,20.9846368715,36.0638297872,1017,21.0
40822,Pram,20.2037351443,35.8686257563,415,4.0
41003,Asten,20.3375286041,35.8395989975,1287,18.0
41407,Engelhartszell,15.1651651652,35.8131487889,207,15.0
41232,Tumeltsham,20.3441295547,35.6719367589,361,7.0
40714,Pinsdorf,16.072234763,35.5910267472,825,12.0
41423,Schardenberg,15.9379407616,35.5198883461,509,23.0
40815,Michaelnbach,13.7278106509,35.4166666667,306,2.0
41221,Pattigham,20.5414012739,35.4026845638,211,3.0
41429,Wernstein am Inn,15.8357771261,35.3596757852,349,19.0
40918,Spital am Pyhrn,12.5698324022,35.277582572,502,7.0
40804,Eschenau im Hausruckkreis,16.621253406,35.2490421456,276,2.0
40421,Mattighofen,17.3566274212,35.0766810853,892,28.0
40831,Waizenkirchen,12.172829248,35.0550381033,828,7.0
40423,Mining,16.1629434954,35.0529100529,265,7.0
40437,St. Pantaleon [Sankt Pantaleon],15.8912386707,34.9825378347,601,15.0
40417,Kirchberg bei Mattighofen,20.5555555556,34.9462365591,260,6.0
41800,Wels-Land,18.631441152,34.9030344513,15298,12.0
40510,St. Marienkirchen an der Polsenz [Sankt Marienkirchen an der Polsenz],17.818642993,34.9005424955,579,5.0
40507,Hinzenbach,15.8899923606,34.880239521,466,8.0
41816,Pichl bei Wels,18.2877111241,34.8687734333,651,8.0
41123,Saxen,24.2589703588,34.7860538827,439,6.0
41230,Senftenbach,20.5769230769,34.7826086957,176,8.0
41341,Schwarzenberg am Böhmerwald,16.2528216704,34.7619047619,146,20.0
40827,Schlüßlberg,16.9185763042,34.7440944882,706,8.0
41732,Rüstorf,21.6429699842,34.7432024169,460,10.0
40812,Kallham,17.083091226,34.7230494342,583,4.0
41234,Waldzell,15.9830268741,34.7035040431,515,6.0
40828,Steegen,13.4020618557,34.5714285714,242,2.0
41726,Pöndorf,19.2886456908,34.559333796,498,6.0
40300,Wels [Wels (Stadt)],20.9987944325,34.5538378085,10192,28.0
40300,Wels [Wels (Stadt)],20.9987944325,34.5538378085,10192,28.0
40825,St. Georgen bei Grieskirchen [Sankt Georgen bei Grieskirchen],16.0273972603,34.4786729858,291,4.0
40436,St. Johann am Walde [Sankt Johann am Walde],15.5603140614,34.4215755855,485,5.0
41720,Oberndorf bei Schwanenstadt,19.5378151261,34.3717549325,331,9.0
40811,Hofkirchen an der Trattnach,20.5450733753,34.328358209,368,7.0
40913,Ried im Traunkreis,17.9775280899,34.3266475645,599,6.0
40800,Grieskirchen,17.3903455036,34.3032268835,14383,8.0
41317,Kollerschlag,14.1012909633,34.2995169082,355,10.0
40428,Ostermiething,12.676056338,34.2679127726,550,18.0
41710,Frankenmarkt,16.3366336634,34.2664092664,710,14.0
41103,Baumgartenberg,19.587628866,34.2429577465,389,7.0
40443,Tarsdorf,18.6046511628,34.2083675144,417,15.0
40824,St. Agatha [Sankt Agatha],12.7616475354,34.1738553417,515,1.0
40720,Vorchdorf,16.129753915,34.0732758621,1581,10.0
41218,Neuhofen im Innkreis,17.5938803894,34.0608465608,515,7.0
41804,Buchkirchen,14.8446954417,33.956043956,927,6.0
40803,Bruck-Waasen,14.5552560647,33.8422391858,532,3.0
40420,Maria Schmolln,12.2186495177,33.8028169014,312,6.0
40808,Grieskirchen,19.4168096055,33.7780898876,962,18.0
40438,St. Peter am Hart [Sankt Peter am Hart],14.8448043185,33.7698139214,490,16.0
41808,Gunskirchen,17.5096206707,33.6458612376,1256,11.0
41819,Sipbachzell,19.9176954733,33.6398467433,439,5.0
40921,Vorderstoder,14.711033275,33.6314847943,188,7.0
40512,Stroheim,15.5818540434,33.608815427,366,1.0
41818,Schleißheim,22.1204188482,33.6009174312,293,7.0
41709,Frankenburg am Hausruck,17.8838951311,33.5735735736,1118,6.0
41810,Krenglbach,16.7818361303,33.5576923077,698,6.0
41721,Oberwang,16.4448669202,33.4870848708,363,3.0
40409,Geretsberg,19.4127243067,33.4869431644,218,14.0
41824,Weißkirchen an der Traun,16.6416791604,33.4706959707,731,10.0
40425,Moosdorf,15.7225433526,33.4698055271,327,10.0
41708,Fornach,15.3481012658,33.4365325077,216,4.0
41731,Regau,17.5194213769,33.4241148799,1350,12.0
41425,Suben,15.082382763,33.4174022699,265,21.0
41304,Altenfelden,19.0379403794,33.3793103448,484,3.0
40832,Wallern an der Trattnach,18.1211498973,33.3497536946,677,8.0
40715,Roitham,17.1935235158,33.3333333333,470,6.0
41725,Pitzenberg,19.8879551821,33.3333333333,124,3.0
40511,Scharten,17.4247725682,33.3113020489,504,8.0
40713,Ohlsdorf,13.5387488329,33.1665685697,1127,8.0
40411,Haigermoos,16.9191919192,33.1506849315,121,6.0
40621,Unterweißenbach,13.5390428212,33.115610712,507,1.0
41807,Fischlham,15.2360515021,33.0198537095,316,4.0
41811,Lambach,18.7111362352,32.9682365827,602,20.0
41007,Hörsching,16.0993303571,32.9599551946,1177,15.0
41233,Utzenaich,19.3969849246,32.9568788501,321,7.0
40509,Pupping,18.7214611872,32.9526916803,404,6.0
40903,Hinterstoder,18.1959564541,32.9093799682,207,12.0
41728,Pühret,17.6470588235,32.8703703704,142,2.0
41809,Holzhausen,15.7587548638,32.8519855596,182,9.0
41704,Atzbach,18.6163522013,32.7827191868,258,5.0
41821,Steinerkirchen an der Traun,15.7684630739,32.7554179567,529,6.0
40902,Grünburg,14.1628959276,32.650273224,717,11.0
41306,Atzesberg,12.7725856698,32.6219512195,107,5.0
41748,Weißenkirchen im Attergau,16.8852459016,32.6194398682,198,4.0
41802,Bachmanning,18.9873417722,32.6139088729,136,11.0
41722,Ottnang am Hausruck,15.4330708661,32.5396825397,820,7.0
41208,Gurten,18.5286103542,32.5376884422,259,7.0
40613,Pierbach,13.5057471264,32.457496136,210,2.0
41718,Nußdorf am Attersee,17.3852573018,32.4287652646,239,12.0
40506,Hartkirchen,16.8840082361,32.3987538941,936,5.0
41009,Kematen an der Krems,14.4343302991,32.3671497585,536,10.0
41738,Schwanenstadt,18.1934931507,32.3607427056,732,22.0
41210,Kirchdorf am Inn,15.8018867925,32.3600973236,133,9.0
41225,Ried im Innkreis,18.9757058437,32.3242867084,1858,21.0
41231,Taiskirchen im Innkreis,16.9871794872,32.2580645161,500,3.0
41716,Neukirchen an der Vöckla,17.4237710019,32.2352941176,548,5.0
40504,Fraham,15.5994550409,32.2308690013,497,8.0
40810,Heiligenberg,14.2857142857,32.2245322245,155,2.0
40922,Wartberg an der Krems,13.9773340529,32.2125813449,594,9.0
41747,Vöcklamarkt,15.4949282966,32.1572580645,957,11.0
40819,Peuerbach,14.1329258976,32.1557317952,446,8.0
40904,Inzersdorf im Kremstal,14.2389525368,31.9498825372,408,6.0
40426,Munderfing,11.712772219,31.8568994889,561,12.0
41322,Niederkappel,18.4722222222,31.8373071529,227,2.0
41113,Münzbach,15.2406417112,31.7504655493,341,8.0
40500,Eferding,15.7386146192,31.7367510174,6785,8.0
40919,Steinbach am Ziehberg,16.0839160839,31.6865417376,186,4.0
41701,Ampflwang im Hausruckwald,18.7688334051,31.6822429907,678,11.0
40907,Kremsmünster,12.9334067144,31.6690042076,1129,17.0
41744,Ungenach,17.3137460651,31.5470171891,312,4.0
40711,Laakirchen,15.7972623011,31.5058611362,1747,16.0
41331,St. Johann am Wimberg [Sankt Johann am Wimberg],14.5945945946,31.4868804665,216,3.0
41737,Schörfling am Attersee,16.6336633663,31.4474304573,667,10.0
41342,Ulrichsberg,13.8711264142,31.4227226203,614,7.0
41311,Hörbich,15.0537634409,31.4189189189,93,1.0
41511,Pfarrkirchen bei Bad Hall,13.4615384615,31.3807531381,450,6.0
40802,Bad Schallerbach,17.3647058824,31.3624678663,732,14.0
40418,Lengau,13.3097762073,31.3199105145,840,11.0
41813,Neukirchen bei Lambach,18.3306055646,31.2605042017,186,5.0
41401,Altschwendt,15.1709401709,31.223628692,148,3.0
41707,Desselbrunn,15.061295972,31.2086092715,377,5.0
41428,Waldkirchen am Wesen,16.8454935622,31.184056272,266,5.0
41343,Aigen-Schlägl [Aigen-Schlägl ],11.655011655,31.0688836105,654,6.0
40900,Kirchdorf an der Krems,14.0922883151,31.010095249,10874,10.0
41236,Wippenham,16.3120567376,30.9523809524,130,5.0
40707,Grünau im Almtal,16.7378917379,30.8943089431,418,9.0
41209,Hohenzell,14.9546827795,30.8791994282,432,5.0
41700,Vöcklabruck,16.1662875599,30.867720404,24880,12.0
40602,Grünbach,17.2779136104,30.8380797396,379,3.0
40200,Steyr [Steyr (Stadt)],16.6156876977,30.8233963816,5997,20.0
40200,Steyr [Steyr (Stadt)],16.6156876977,30.8233963816,5997,20.0
41301,Afiesl,9.81012658228,30.7958477509,89,5.0
40809,Haag am Hausruck,16.3090128755,30.7104660046,402,11.0
41004,Eggendorf im Traunkreis,13.6690647482,30.679933665,185,10.0
41011,Kronstorf,14.4578313253,30.6795131846,605,11.0
40710,Kirchham,13.6399064692,30.6636155606,402,5.0
41021,Traun,16.8950141873,30.638149887,3524,30.0
40821,Pollham,14.6627565982,30.5929919137,227,3.0
41017,Pasching,16.8737574553,30.5562244161,1269,21.0
41823,Thalheim bei Wels,16.6467065868,30.5441778818,1044,13.0
41711,Gampern,13.6524822695,30.364806867,566,5.0
40833,Weibern,13.9423076923,30.3571428571,323,7.0
40908,Micheldorf in Oberösterreich,14.348785872,30.3064380096,1078,11.0
40414,Hochburg-Ach,14.5341614907,30.3010890455,473,35.0
41739,Seewalchen am Attersee,16.576,30.2658486708,1036,11.0
41229,Schildorn,15.9456118665,30.2409638554,251,3.0
41325,Oepping,11.6742081448,30.2063789869,322,3.0
41340,Schönegg,9.46291560102,30.2030456853,119,4.0
41706,Berg im Attergau,16.0550458716,30.1972685888,199,6.0
41110,Luftenberg an der Donau,16.006097561,30.1605076521,808,6.0
40431,Pfaffstätt,14.2194744977,30.0492610837,183,14.0
41405,Dorf an der Pram,13.5785007072,30.0417246175,216,3.0
41616,Ottenschlag im Mühlkreis,14.8367952522,30.0275482094,109,2.0
41501,Adlwang,15.4146341463,30.0087489064,343,6.0
40619,Schönau im Mühlkreis,13.9499620925,29.9556213018,405,1.0
41516,Sierning,13.8050641693,29.942450914,1769,11.0
41430,Zell an der Pram,17.0769230769,29.9131807419,379,8.0
40923,Windischgarsten,10.8949416342,29.8799747315,473,12.0
40501,Alkoven,12.6131221719,29.7718120805,1109,9.0
40708,Gschwandt,14.707655214,29.7619047619,525,5.0
41703,Attnang-Puchheim,19.3094629156,29.739010989,1299,25.0
40701,Altmünster,11.7608942168,29.737183647,1833,10.0
41513,Rohr im Kremstal,13.3333333333,29.6470588235,252,7.0
41005,Enns,15.0888995675,29.5848928207,1739,22.0
41410,Freinberg,13.2544378698,29.5757575758,244,41.0
40915,Roßleithen,10.9523809524,29.5678544352,390,6.0
40807,Geboltskirchen,12.6086956522,29.5031055901,285,4.0
41803,Bad Wimsbach-Neydharting,12.9051620648,29.4849023091,498,7.0
41226,St. Georgen bei Obernberg am Inn [Sankt Georgen bei Obernberg am Inn],11.9512195122,29.3969849246,117,7.0
41000,Linz-Land,15.4572206552,29.3925041684,24327,18.0
41522,Weyer,11.5448782115,29.2986828053,823,6.0
40817,Neukirchen am Walde,11.7333333333,29.2402826855,331,4.0
41505,Gaflenz,9.38511326861,29.1900561347,364,4.0
41115,Pabneukirchen,11.1205432937,29.1849255039,333,2.0
41742,Tiefgraben,12.2718052738,29.0352941176,617,11.0
41518,Waldneukirchen,11.9921363041,28.9986996099,446,4.0
41108,Bad Kreuzen,12.0465434634,28.9936664321,412,9.0
41206,Geiersberg,17.9347826087,28.9893617021,109,3.0
40702,Bad Goisern am Hallstättersee,12.2897510653,28.9824412947,1370,7.0
41736,Schlatt,15.67695962,28.9440993789,233,9.0
41114,Naarn im Machlande,11.9047619048,28.9377289377,711,7.0
41743,Timelkam,15.0865622424,28.9060347203,1049,15.0
40909,Molln,14.0709812109,28.8946910357,664,8.0
40608,Königswiesen,12.2696411251,28.8745387454,626,1.0
41723,Pfaffing,16.7816091954,28.8604898829,271,3.0
40700,Gmunden,12.832247557,28.8079149019,17820,11.0
41503,Bad Hall,11.5634621964,28.8071502234,838,13.0
41612,Herzogsdorf,12.6400996264,28.7221570926,490,2.0
40917,Schlierbach,13.3410672854,28.7057522124,519,7.0
41521,Wolfern,10.8492881689,28.6939942803,602,5.0
40604,Hagenberg im Mühlkreis,13.2158590308,28.6842105263,545,4.0
41730,Redlham,15.5136268344,28.6274509804,292,8.0
41313,Julbach,12.3778501629,28.4969591659,328,7.0
41310,Helfenberg,10.2097902098,28.4074605452,198,5.0
41510,Maria Neustift,12.8949615713,28.38944495,312,1.0
41119,St. Georgen am Walde [Sankt Georgen am Walde],10.7259646828,28.389261745,423,2.0
41509,Losenstein,12.2413793103,28.3121597096,312,5.0
41109,Langenstein,13.599537037,28.1707317073,462,10.0
41746,Vöcklabruck,13.5958395245,28.0622568093,1803,21.0
41018,Piberbach,15.6655844156,28.0587275693,344,7.0
40430,Perwang am Grabensee,10.4330708661,28.0289330922,155,8.0
40502,Aschach an der Donau,17.468175389,28.0264123258,382,15.0
40814,Meggenhofen,15.9014557671,28.0155642023,288,4.0
41619,Reichenau im Mühlkreis,13.3250311333,27.9953917051,243,6.0
41318,Lembach im Mühlkreis,12.5122189638,27.9045643154,269,8.0
41105,Grein,11.6461916462,27.8961038961,537,8.0
41815,Pennewang,16.2204724409,27.8582930757,173,3.0
41500,Steyr-Land,11.9493944303,27.8417064272,10912,7.0
41337,St. Veit im Mühlkreis [Sankt Veit im Mühlkreis],13.3165829146,27.8375149343,233,3.0
41622,Schenkenfelden,13.747645951,27.8188539741,301,3.0
41104,Dimbach,9.63364993216,27.7456647399,192,2.0
41016,Oftering,12.3695976155,27.7329420396,378,7.0
41719,Oberhofen am Irrsee,14.6929824561,27.7238403452,257,9.0
40920,Steinbach an der Steyr,12.6729788784,27.7185501066,390,4.0
41012,Leonding,14.2628873142,27.7141577634,4332,18.0
41222,Peterskirchen,16.5983606557,27.7056277056,128,2.0
41603,Bad Leonfelden,11.9430924747,27.700729927,759,7.0
41008,Hofkirchen im Traunkreis,13.2178669098,27.5747508306,332,7.0
40618,St. Oswald bei Freistadt [Sankt Oswald bei Freistadt],11.05345096,27.5594371664,568,2.0
41319,Lichtenau im Mühlkreis,13.4408602151,27.5590551181,105,5.0
41116,Perg,13.2728423718,27.4815422477,1340,15.0
40905,Kirchdorf an der Krems,13.1786158309,27.4692666384,648,16.0
41601,Alberndorf in der Riedmark,16.3844033084,27.3747195213,732,3.0
41517,Ternberg,11.0726643599,27.3617021277,643,4.0
41508,Laussa,10.843373494,27.3464658169,236,2.0
41605,Engerwitzdorf,13.165112452,27.3444347064,1560,5.0
41606,Feldkirchen an der Donau,11.2991266376,27.3416350839,1010,5.0
40703,Bad Ischl,11.717791411,27.2465221206,2174,14.0
41300,Rohrbach,12.0066717988,27.2311744654,10545,6.0
41326,Peilstein im Mühlviertel,9.28571428571,27.1906052394,301,6.0
41623,Sonnberg im Mühlkreis,12.7586206897,27.1755725191,178,2.0
41305,Arnreit,9.34210526316,27.1557271557,211,3.0
41715,Mondsee,12.3972169513,27.1366188397,435,24.0
41125,Waldhausen im Strudengau,10.03996004,27.1317829457,525,5.0
41512,Reichraming,11.9295436349,27.1118262269,337,4.0
41620,Reichenthal,9.85915492958,27.0973963356,281,7.0
41624,Steyregg,14.263322884,27.0839789278,874,11.0
41608,Goldwörth,10.6844741235,27.04,169,4.0
41507,Großraming,9.99000999001,27.0228215768,521,4.0
41327,Pfarrkirchen im Mühlkreis,12.5902992776,26.8872802482,260,13.0
40704,Ebensee,10.5190989226,26.8859562734,1365,7.0
41100,Perg,12.7147060836,26.8795666128,11809,8.0
41714,Manning,10.1221640489,26.7857142857,150,2.0
41328,Putzleinsdorf,13.4268537074,26.7732267732,268,6.0
40503,Eferding,14.4135657089,26.7151294866,588,19.0
41727,Puchkirchen am Trattberg,13.1498470948,26.6369047619,179,6.0
41750,Wolfsegg am Hausruck,13.7931034483,26.5241488519,335,10.0
41733,Rutzenham,12.5,26.3959390863,52,6.0
40100,Linz [Linz (Stadt)],14.8136568284,26.3838445496,25934,25.0
40100,Linz [Linz (Stadt)],14.8136568284,26.3838445496,25934,25.0
40830,Tollet,13.470681458,26.3823064771,167,3.0
40505,Haibach ob der Donau,9.04017857143,26.3329706202,242,3.0
40719,Scharnstein,13.9198949442,26.2879788639,796,8.0
41126,Windhaag bei Perg,9.02255639098,26.173096976,251,7.0
41610,Haibach im Mühlkreis,10.9777015437,26.1562998405,164,4.0
41344,Rohrbach-Berg [Rohrbach-Berg ],11.868533171,26.139088729,872,8.0
41323,Niederwaldkirchen,9.71659919028,26.0320134794,309,3.0
41332,St. Martin im Mühlkreis [Sankt Martin im Mühlkreis],11.5793780687,26.0273972603,646,4.0
41001,Allhaming,10.9772423025,26.0101010101,206,8.0
41010,Kirchberg-Thening,14.7239263804,25.9862241703,415,7.0
40601,Freistadt,12.734472697,25.8466652815,1244,10.0
41735,St. Lorenz [Sankt Lorenz],11.1801242236,25.8087706686,359,11.0
41101,Allerheiligen im Mühlkreis,10.9785202864,25.798816568,218,2.0
41020,St. Marien [Sankt Marien],12.6129032258,25.7521837593,796,7.0
41506,Garsten,12.4790419162,25.7263355201,1098,7.0
41749,Weyregg am Attersee,12.3019571295,25.6097560976,273,6.0
41514,St. Ulrich bei Steyr [Sankt Ulrich bei Steyr],11.4522417154,25.5949490044,527,4.0
40705,Gmunden,11.8719083572,25.5937033519,1886,19.0
41124,Schwertberg,13.8997298109,25.5153869137,854,12.0
40614,Pregarten,11.6666666667,25.335235378,888,5.0
41111,Mauthausen,13.1175468484,25.3151618399,743,15.0
40717,St. Wolfgang im Salzkammergut [Sankt Wolfgang im Salzkammergut],10.7413893754,25.3068381064,433,10.0
41611,Hellmonsödt,14.8805460751,25.2850435949,377,6.0
40617,St. Leonhard bei Freistadt [Sankt Leonhard bei Freistadt],12.1713729309,25.2057613169,245,1.0
40624,Wartberg ob der Aist,12.9682997118,25.199583478,726,4.0
41112,Mitterkirchen im Machland,10.48,25.1677852349,300,5.0
40600,Freistadt,11.6566191355,25.0911111111,11291,4.0
41302,Ahorn,13.88101983,25,94,3.0
40627,Bad Zell,10.7442348008,24.9873545776,494,5.0
41752,Zell am Pettenfirst,12.9072681704,24.9676584735,193,5.0
40910,Nußbach,11.7804551539,24.9496981891,372,4.0
40610,Leopoldschlag,11.528150134,24.9311294766,181,5.0
41502,Aschach an der Steyr,11.8412046543,24.9169435216,375,3.0
40716,St. Konrad [Sankt Konrad],10,24.8677248677,188,3.0
41006,Hargelsberg,11.858190709,24.861878453,225,5.0
40607,Kefermarkt,12.2267759563,24.7000705716,350,4.0
40611,Liebenau,8.60377358491,24.6923707957,301,1.0
41106,Katsdorf,11.8367346939,24.6689553703,503,4.0
40616,Sandl,8.64765409384,24.570273003,243,2.0
40901,Edlbach,8.45986984816,24.5283018868,104,5.0
40606,Kaltenberg,11.8279569892,24.5161290323,114,0.0
41600,Urfahr-Umgebung,11.7444879155,24.2657739044,13699,6.0
41320,Nebelberg,5.48523206751,24.1164241164,116,9.0
41013,St. Florian [Markt Sankt Florian],11.0696517413,24.1058655222,1011,8.0
41309,Haslach an der Mühl,9.41906373378,24.0301100174,415,6.0
41336,St. Ulrich im Mühlkreis [Sankt Ulrich im Mühlkreis],11.9158878505,24.0184757506,104,2.0
41712,Innerschwand am Mondsee,9.69696969697,23.9944521498,173,7.0
41312,Hofkirchen im Mühlkreis,10.8610567515,23.8001958864,243,7.0
41102,Arbing,10.9343936382,23.7563451777,234,6.0
41515,Schiedlberg,10.7638888889,23.6874236874,194,5.0
40626,Windhaag bei Freistadt,13.0124777184,23.6669784846,253,4.0
40906,Klaus an der Pyhrnbahn,13.1972789116,23.6263736264,172,10.0
41307,Auberg,14.6981627297,23.5772357724,87,2.0
41625,Vorderweißenbach,10.2941176471,23.5738831615,343,2.0
41613,Kirchschlag bei Linz,14.1238670695,23.5212247738,338,7.0
40706,Gosau,8.51760851761,23.5,282,6.0
40622,Unterweitersdorf,11.5164520744,23.4203296703,341,3.0
41316,Kleinzell im Mühlkreis,11.5702479339,23.4146341463,240,3.0
41338,Sarleinsbach,11.43224149,23.3458177278,374,4.0
41621,St. Gotthard im Mühlkreis [Sankt Gotthard im Mühlkreis],12.8205128205,23.3370913191,207,5.0
41702,Attersee am Attersee,11.927480916,23.2580037665,247,12.0
41504,Dietach,9.54773869347,23.2558139535,470,10.0
41602,Altenberg bei Linz,10.8666666667,23.2423756019,724,4.0
41751,Zell am Moos,12.610619469,23.178807947,210,11.0
41615,Oberneukirchen,10.619047619,23.0987246103,489,4.0
41627,Zwettl an der Rodl,9.88372093023,22.9078613694,271,6.0
41121,St. Nikola an der Donau [Sankt Nikola an der Donau],7.03703703704,22.9038854806,112,24.0
41014,Neuhofen an der Krems,12.9722222222,22.850254487,853,11.0
41333,St. Oswald bei Haslach [Sankt Oswald bei Haslach],8.02005012531,22.7882037534,85,3.0
41724,Pilsbach,11.4406779661,22.7368421053,108,3.0
41314,Kirchberg ob der Donau,15.5759162304,22.654155496,169,3.0
40820,Pötting,7.31707317073,22.6221079692,88,1.0
41015,Niederneukirchen,10.8183079057,22.6174496644,337,5.0
41118,Ried in der Riedmark,9.5577746077,22.5571725572,651,4.0
40620,Tragwein,9.25507900677,22.3659889094,484,3.0
41609,Gramastetten,10.7154014371,22.2420457924,748,6.0
41216,Mörschwang,8.69565217391,21.9827586207,51,10.0
41335,St. Stefan am Walde [Sankt Stefan am Walde],9.10683012259,21.9469026549,124,2.0
40623,Waldburg,10.4234527687,21.9119226638,204,2.0
40603,Gutau,11.7677824268,21.6639654241,401,4.0
40612,Neumarkt im Mühlkreis,10.284951024,21.5868794326,487,3.0
40718,Traunkirchen,10.6617647059,21.4414414414,238,10.0
40609,Lasberg,11.6962025316,21.3768115942,413,3.0
41120,St. Georgen an der Gusen [Sankt Georgen an der Gusen],12.5356125356,21.1867630278,557,7.0
41618,Puchenau,11.0022853412,21.1666666667,635,9.0
41740,Steinbach am Attersee,12.3877917415,21.0157618214,120,11.0
41324,Oberkappel,11.1872146119,20.9567198178,92,21.0
41626,Walding,9.20706501315,20.9496194273,578,6.0
41022,Wilhering,10.8446298227,20.9473150963,827,8.0
40911,Oberschlierbach,7.87878787879,20.8588957055,68,5.0
41122,St. Thomas am Blasenstein [Sankt Thomas am Blasenstein],7.49185667752,20.7395498392,129,2.0
40615,Rainbach im Mühlkreis,8.38105153566,20.3598971722,396,5.0
41321,Neufelden,11.0565110565,20.1799485861,157,13.0
40625,Weitersfelden,9.10256410256,20.1369863014,147,3.0
41614,Lichtenberg,10.0656455142,20.1352757544,387,4.0
41329,Neustift im Mühlkreis,7.48440748441,20.0630252101,191,14.0
41604,Eidenberg,9.9173553719,19.9303135889,286,4.0
41607,Gallneukirchen,9.89557434112,19.9228171732,826,8.0
41617,Ottensheim,10.4021269525,19.7389366444,620,9.0
41334,St. Peter am Wimberg [Sankt Peter am Wimberg],10.0411522634,19.209486166,243,2.0
41745,Unterach am Attersee,8.59213250518,18.5622317597,173,16.0
41117,Rechberg,5.84707646177,17.8787878788,118,3.0
40605,Hirschbach im Mühlkreis,9.11330049261,17.0761670762,139,3.0
40439,St. Radegund [Sankt Radegund],7.69230769231,16.9398907104,62,16.0
40712,Obertraun,5.79710144928,16.4210526316,78,14.0
40709,Hallstatt,4.63121783877,15.6787762906,82,14.0
